Model,IOp_Gini,IOp_R2,CV_R2_mean,CV_R2_std
XGBoost,0.53828365,0.3405357599258423,0.3135494112968445,0.0130402775988337
