Model,IOp_Gini,IOp_R2,CV_R2_mean,CV_R2_std
XGBoost,0.53549284,0.3449081778526306,0.31075637340545653,0.01234585517592678
